User_id,User_Name,Gender,Favoriate_food,Account,Password
0,delmartian,male,Plain Papadum,7.87E+17,chevrole
1,dll pa,male,King Prawn Balti,7.96E+17,12345678
2,"Natalia Corres ""Natalia Corres""",male,Garlic Naan,8.76E+17,qwerty
3,Karl,male,Mushroom Rice,7.56E+17,123456789
4,"Michael D. Bigham ""M. Wassir""",female,Paneer Tikka Masala,464781334,12345
5,Twoapennything,female,Mango Chutney,8.01E+17,1234
6,David C. Sullivan,brand,Plain Naan,55050269,111111
7,Pamela G. Williams,male,Mushroom Rice,809500704,1234567
8,R. James,female,Tandoori Chicken (1/4),1015021614,dragon
9,Carol A. Reed,female,Vindaloo - Lamb,492306486,123123
10,Canadian Fan,brand,Chapati,432537664,baseball
11,"A Poeng ""SparkyGoHome""",brand,Lamb Tikka,2579497028,abc123
12,LT,female,Saag Paneer,19660870,football
13,"willie ""roadie""",brand,Aloo Chaat,313087874,monkey
14,"Lynrie ""Oh HELL no""",female,Chicken Pakora,211550281,letmein
15,Brian A. Lee,female,Chicken Chilli Garlic,769392715,696969
16,Erica Neathery,female,Lamb Biryani,7.72E+17,shadow
17,Becca,male,Keema Naan,7.73E+17,master
18,Wolfee1,male,Chicken Pakora,476691783,666666
19,Greg,unknown,Plain Papadum,384565337,qwertyuiop
20,mom2emma,female,Mango Chutney,305922144,123321
21,Tammy Anderson,female,Red Sauce,1183842404,mustang
22,Charles Brown,female,Korma - Prawn,253755500,1234567890
23,Mare's,male,Peshwari Naan,368050288,michael
24,"S. Cabanaugh ""jilly pepper""",male,Pilau Rice,14418045,654321
25,"Deborah S. Linzer ""Cat Lady""",female,Chicken Balti,296484990,pussy
26,lady21,brand,Special Fried Rice,9.32E+17,superman
27,Heather Dube,brand,Chicken Tikka Masala,99352713,1qaz2wsx
28,DaisyH,female,Curry - Lamb,519045260,7777777
29,Canadian Fan,male,Pilau Rice,115343506,fuckyou
30,Sherril,brand,Peshwari Naan,2166882457,121212
31,"Molly V. Smith ""staral""",male,Plain Papadum,381157528,0
32,S. Potter,female,Plain Papadum,721944734,qazwsx
33,"Megan ""Bad at Nicknames""",male,Vegetable Rice,3392143521,123qwe
34,CorbyJames,brand,Saag - Prawn,23330998,killer
35,T. J. Ryan,male,Tandoori Chicken Masala,63176889,trustno1
36,"Abby Chase ""gluten free""",brand,Pilau Rice,239861947,jordan
37,"Zardoz ""focuspuller""",female,Lamb Tikka Chilli Masala,21758143,jennifer
38,JERRY REITH,brand,Peshwari Naan,7.66E+17,zxcvbnm
39,kYpondman,male,Saag Aloo,19923144,asdfgh
40,Garrett,brand,Aloo Gobi,235667666,hunter
41,"Dick Baldwin ""christobe""",male,Bhindi Bhajee,1191444692,buster
42,Roger Pugliese,brand,Saag Paneer,2499018968,soccer
43,Mother of 9,male,Mint Sauce,557842655,harley
44,D. Leschke,male,Chicken Biryani,23331044,batman
45,K. A. Freel,male,Garlic Naan,321388777,andrew
46,grumpyrainbow,female,Plain Naan,298320111,tigger
47,"kbogo ""shoelover""",male,Tandoori Chicken Masala,51904755,sunshine
48,knitty pants,female,Plain Papadum,243794165,iloveyou
49,JMay,brand,Red Sauce,2918711542,fuckme
50,Roberto A,male,Chicken Tikka Masala,123470069,2000
51,Mike Kaser,female,Madras - Chicken Tikka,2943615224,charlie
52,Edwin C. Pauzer,brand,Mushroom Rice,127664378,robert
53,"Roel Trevino ""protomex""",male,Garlic Naan,1084227842,thomas
54,"David Belton ""Proteus 1""",male,Bombay Aloo,122159370,hockey
55,TJ Fairfax,male,Onion Bhajee,39321874,ranger
56,amateur amazon shopper,female,Sheek Kebab,9.49E+17,daniel
57,S. Beck,brand,Plain Papadum,2178679070,starwars
58,"P. Kelso ""Amazon all the way!""",male,Mango Chutney,2980315426,klaster
59,mimimc,brand,Mint Sauce,17039652,112233
60,"Lisa J. Szlosek ""lisa""",brand,Onion Chutney,1.01E+18,george
61,Peggy,female,Chicken Tikka (Main),202375506,asshole
62,gary sturrock,female,Korma - Chicken,347865421,computer
63,RLC,male,Chicken Tikka Masala,572785000,michelle
64,"ChemProf ""chem professor""",female,Plain Rice,4790681969,jessica
65,dhy4b,male,Pilau Rice,380457314,pepper
66,Doug,male,Keema Naan,15729017,1111
67,Bill Shirer,female,French Fries,596377986,zxcvbn
68,calmnsense,female,Chicken Biryani,711721350,555555
69,C. Salcido,female,Mushroom Rice,326369679,11111111
70,Chet,male,Onion Bhajee,866648466,131313
71,2tall,brand,Korma - Chicken,7.09E+17,freedom
72,Marie,male,Peshwari Naan,7.22E+17,777777
73,Diana Robinson,male,Pilau Rice,418,pass
74,Jen,brand,Chicken Tikka (Main),19399072,fuck
75,I. So,female,Chicken Tikka Masala,8.76E+17,maggie
76,Jessica Snyder,brand,Meat Samosa,7.34E+17,159753
77,"Debs ""peanut""",female,Plain Papadum,8.16E+17,aaaaaa
78,sharonh4,male,Mango Chutney,611582397,ginger
79,jmc,male,Mint Sauce,57409991,princess
80,Melinda Bishop,female,Red Sauce,46662096,joshua
81,John W. Hollis,female,Keema Rice,101974483,cheese
82,"Johnnycakes ""Johnnycakes""",brand,Keema Naan,2610430435,amanda
83,BRENDA DEMERS,female,Chicken Chilli Garlic,38797799,summer
84,I. GLENN,brand,Lamb Hari Mirch,30409200,love
85,Toby's mom,male,Mushroom Bhajee,24117754,ashley
86,Ash52,male,Curry - Chicken,491258363,6969
87,Wendy,female,Bombay Aloo,4112253434,nicole
88,Dana,brand,Plain Naan,8.73E+17,chelsea
89,"Lorraine ""Agelechio""",brand,Vegetable Rice,8.77E+17,biteme
90,Lisas201,female,Chicken Tikka Biryani,287834630,matthew
91,gare,brand,Mixed Starter,62915097,access
92,"J. Romagnoli ""*jroma""",unknown,Onion Bhajee,261620277,yankees
93,John D. Meara,brand,Chicken Tikka Biryani,15729207,987654321
94,wendy,male,Bhuna - Chicken Tikka,114557496,dallas
95,E. Triebe,brand,Mushroom Rice,19923515,austin
96,Rhiever,male,Keema Rice,50856512,thunder
97,"FuNky Faja ""SiLkk""",female,Madras - Lamb,1377305161,taylor
98,Amazon-tron 3000,brand,Bombay Aloo,586,matrix
99,Melissa Benjamin,male,Masala Sauce,30147163,william
100,"Mycroft ""Virture is its own punishment""",female,Mushroom Rice,483656289,corvette
101,"Danny ""The Student""",male,Bottle Coke,848036460,hello
102,S. Fowler,brand,Peshwari Naan,336069232,martin
103,Lovethemovies,female,Tandoori Mixed Grill,128799124,heather
104,pionex1796,female,Plain Papadum,114557557,secret
105,Rachel Westendorf,male,Mint Sauce,111673973,fucker
106,"S. J. Monson ""world citizen""",female,Mango Chutney,848822905,merlin
107,Adam E. Smith,brand,Korma Sauce,265814650,diamond
108,M. Foell,female,Pathia - Prawn,133694084,1234qwer
109,Gary Peterson,,Chicken Biryani,1658061462,gfhjkm
110,"Wilhelmina Robinson ""Wilhelmina Robinson &#34...",female,Peshwari Naan,60031646,hammer
111,G. Simmons,male,Plain Papadum,111936162,silver
112,Aldo,male,Mint Sauce,2768241314,222222
113,John D. Zuccarino,female,Chicken Tikka Jalfrezi,703857318,88888888
114,ceecee,female,Bhuna - Lamb,632029895,anthony
115,Cinderella,unknown,Special Fried Rice,1587544788,justin
116,"Giordano ""GB""",unknown,Peshwari Naan,243794651,test
117,singlewinder,female,Aloo Gobi,788792041,bailey
118,Bob Rex,male,Chicken Tikka Masala,1692140268,q1w2e3r4t5
119,DamiKris,male,Meat Samosa,15467245,patrick
120,Sarah Wilson,male,Mixed Vegetable Curry,721683182,internet
121,Cynthia G. Pate,brand,Dupiaza - Lamb,3282830066,scooter
122,Alfbo,male,Lemon Rice,20447988,orange
123,Anne Kirkwood,brand,Methi - Lamb,94896901,11111
124,PurpleGreen,female,Pilau Rice,88081160,golfer
125,Winter Green,female,Garlic Naan,63701775,cookie
126,PMG1,brand,Onion Bhajee,30933781,richard
127,Austin H.,male,Spicy Papadum,8.89E+17,samantha
128,B. Pearce,female,Plain Naan,276562720,bigdog
129,Benny,brand,Pilau Rice,256115497,guitar
130,RTyst,female,Chicken Tikka Masala,4848354100,jackson
131,luckybabe,male,Bhuna - Lamb,2318140218,whatever
132,"J. Espinoza ""jchav1980""",female,Plain Papadum,2581857086,mickey
133,Seth S Moyers,female,Lamb Biryani,1739064128,chicken
134,Mother of Pearl,male,Plain Naan,47186755,sparky
135,Alanna,female,Lamb Tikka,8.61E+17,snoopy
136,Sarah,brand,Onion Bhajee,20710218,maverick
137,Smileface,,Saag Paneer,20972371,phoenix
138,"Gettin Real ""gettin real""",brand,Chicken Tikka Masala,1681392474,camaro
139,Mrs. J. Todd,female,Keema Rice,795083617,sexy
140,"N. Pine ""pcone""",male,Rogon - Lamb,221512549,peanut
141,"Angel_Boy ""Treat the people around you the wa...",female,Chicken Tikka Karahi,18088810,morgan
142,Karon Dixon,female,Pilau Rice,29361001,welcome
143,c2,male,Bombay Aloo,939262832,falcon
144,Beantown Jim,brand,Onion Bhajee,3101950833,cowboy
145,MarkD,unknown,French Fries,386139005,ferrari
146,Barbie,brand,Chicken Tikka Masala,220464007,samsung
147,Matthew R Lehmkuhler,female,Korma - Chicken,792462217,andrea
148,Lisa Barton,brand,Plain Naan,477365128,smokey
149,huntersgun,female,Pilau Rice,39846828,steelers
150,Teeebooo,brand,Aloo Chaat,1849164720,joseph
151,Chris,female,Chicken Tikka Masala,91227068,mercedes
152,"KT ""loves to read""",female,Garlic Naan,34866114,dakota
153,Bumbeda1,brand,Pilau Rice,1021313990,arsenal
154,Karas M. Stewart,female,Bhuna - Chicken,41681878,eagles
155,pianolover,brand,Plain Papadum,34079698,melissa
156,Dr. Christopher Lee,male,Lemon Rice,409207765,boomer
157,"D. Melo ""Character Connoisseur""",male,Lamb Mysore,24642526,booboo
158,"Louie Arrighi ""Lou da Joo""",brand,Dhansak - Chicken,1.03E+18,spider
159,Pen_Name123,female,Chapati,24380395,nascar
160,"A. Goldsmith ""Media Hound""",brand,Lamb Biryani,46662639,monster
161,James R. Mckinney,male,Peshwari Naan,172753966,tigers
162,Matty,female,Onion Bhajee,18351153,yellow
163,"Tcat Houser ""A Customer""",male,Aloo Gobi,863765552,xxxxxx
164,"Billy Wilson ""amzrview""",unknown,Chicken Biryani,856949808,123123123
165,Amy,male,Madras - Chicken,495453239,gateway
166,Catherine Lea,male,Korma - Chicken,800588862,marina
167,NikkiBast,male,Chicken Balti,120587348,diablo
168,TampaBayGal,brand,Chicken Tikka Chilli Masala,307233876,bulldog
169,sue,brand,Lal Mirch Chicken,342099030,qwer1234
170,"H. Adams ""hollya""",brand,Korma - Prawn,5768282,compaq
171,"A. Martin ""tony_fourbu""",brand,Korma - King Prawn,448529505,purple
172,A. Carriglio,female,Plain Rice,1.01E+18,hardcore
173,Pink Dandy Chatter,brand,Mushroom Rice,202900592,banana
174,Jerald,brand,Garlic Naan,38536306,junior
175,"Dario Quinonez ""aprilkid""",female,Keema Naan,130286723,hannah
176,Lyannah,brand,Peshwari Naan,8.98E+17,123654
177,qv240,male,Plain Papadum,2362967176,porsche
178,"JDTexan ""JDTexan""",female,Spicy Papadum,171705488,lakers
179,Tom Falcon,male,Mango Chutney,78120081,iceman
180,"BOATS99 ""BOATS99""",female,Onion Chutney,7.70E+17,money
181,Monie,brand,Red Sauce,78644388,cowboys
182,Melinda K. Sanders,female,Mint Sauce,7.66E+17,987654
183,Lee Thombley,brand,Vindaloo - Chicken,1320158370,london
184,"James G. Colet ""psychocarp""",female,Madras - Chicken Tikka,833356976,tennis
185,Ean Behr,brand,Plain Rice,29885619,999999
186,Joanna Daneman,female,Plain Naan,8.77E+17,ncc1701
187,Nadia,female,Madras - Chicken,1028654280,coffee
188,Silvy,male,Plain Papadum,970982604,scooby
189,Gift Card Recipient,female,Bombay Aloo,42730704,0
190,"Jasmin Song ""Jasmin Song""",brand,Chicken Tikka Jalfrezi,2961704150,miller
191,me,brand,Pilau Rice,85722328,boston
192,LK,male,Plain Papadum,497288416,q1w2e3r4
193,S. Haney,male,Spicy Papadum,403703016,fuckoff
194,"PrinterCPE ""damnsilly1""",brand,Vindaloo Sauce,320603385,brandon
195,Rutt10,male,Onion Bhajee,880018682,yamaha
196,i&#60;3pnutbutter,male,Mango Chutney,29099266,chester
197,stillgoinstrong,unknown,Meat Samosa,400557314,mother
198,"Brenda Woodward ""love to read""",male,Chicken Pakora,4328785158,forever
199,Gordon,female,Lamb Biryani,8.77E+17,johnny
200,Lou,brand,Chicken Biryani,2622731,edward
201,Optimus,unknown,Chicken Tikka Biryani,331613467,333333
202,dog lover,brand,Aloo Gobi,957089052,oliver
203,Bell Girl,female,Chicken Tikka Jalfrezi,2984510759,redsox
204,Dan,female,Bombay Aloo,439878961,player
205,Texan Gal,brand,Chana Masala,27526457,nikita
206,Ma J. Vargas Pe__,male,Dupiaza - Chicken,896533819,knight
207,Deborah Laux,brand,Keema Naan,350487871,fender
208,"Atl Chris ""Atl Chris""",male,Pilau Rice,123209023,barney
209,"EJ ""Seayhorse""",brand,Mushroom Rice,45090120,midnight
210,Margaret,brand,Muttar Paneer,2444756300,please
211,"R. Cross ""LVWolfman""",brand,Garlic Naan,14157134,brandy
212,JHexatthewheel,female,Mushroom Rice,14681449,chicago
213,"Desert Girl ""chrissylovesherhusband""",female,Plain Naan,9.69E+17,badboy
214,D. Anthony,male,Chicken Tikka (Main),9.83E+17,iwantu
215,scott Smith,female,Tandoori Mixed Grill,8.39E+17,slayer
216,Technically Proficient,female,Chicken Tikka Masala,321389968,rangers
217,K. McGee,female,Curry - Chicken,22021524,charles
218,Neal Pollack,male,Bombay Aloo,304088468,angel
219,M'ville,male,Muttar Paneer,480249240,flower
220,K. Kwan,male,Plain Naan,7.66E+17,bigdaddy
221,Sophia T,female,Pilau Rice,50595242,rabbit
222,Irish Stu,male,Keema Rice,16254381,wizard
223,Joseph Emmanuel,unknown,Aloo Chaat,837027265,bigdick
224,markiz,male,Chicken Balti,1126958532,jasper
225,Tiff D,male,Chicken Shashlick,38536646,enter
226,"Wade Jackman ""wpjackman""",male,Vegetable Balti,215745990,rachel
227,Patty,female,Cauliflower Bhajee,2334131662,chris
228,Abendago,brand,Vindaloo - Chicken,74712538,steven
229,Victoria Brown,male,Butter Chicken,2727609826,winner
230,Nanette,female,Prawn Balti,179832300,adidas
231,Bold Consumer,female,Tandoori Chicken Masala,2425882104,victoria
232,flageolet,male,Curry - Chicken,3077047801,natasha
233,Linda Albert,brand,Aloo Gobi,1125910016,1q2w3e4r
234,Gwenhwyfar,female,Plain Naan,171968009,jasmine
235,Dandelion,brand,Pilau Rice,301729291,winter
236,jackman,brand,Plain Papadum,74450446,prince
237,B. Barnett,male,Red Sauce,1604847120,panties
238,Pinkhat,male,Mango Chutney,362284562,marine
239,Dan & Eileen,female,Mixed Starter,1719404058,ghbdtn
240,Pinkhat,male,Madras - Lamb,2444756510,fishing
241,Mrclouky,male,Mushroom Rice,568854046,cocacola
242,Erfan,brand,French Fries,867436081,casper
243,Kapitoshka,male,Korma - Chicken,3164603961,james
244,"Guy S. Painter ""gspainter""",unknown,Plain Naan,7.73E+17,232323
245,suave,female,Garlic Naan,318768709,raiders
246,confettissimo,female,Plain Papadum,8.35E+17,888888
247,onemagoo,female,Pathia - Chicken Tikka,1733822028,marlboro
248,tightwad,female,COBRA ( LARGE ),328205906,gandalf
249,Donald Edward Liberman,brand,House white wine 75cl,8.91E+17,asdfasdf
250,Susan Hannon,brand,Pilau Rice,217319002,crystal
251,tedebear,male,Lamb Tikka,4903929447,87654321
252,"Janna M. Sicard ""missjanna""",brand,Lime Pickle,8.95E+17,12344321
253,mrsmaverick,female,Onion Chutney,1661470322,sexsex
254,no name,unknown,Plain Rice,28313220,golden
255,Jihan S.,female,King Prawn Shaslick,214697607,blowme
256,Diana KD,brand,COBRA ( LARGE ),242484876,bigtits
257,Heather Crimson,female,Chicken Tikka Biryani,3483877814,8675309
258,mommy11,brand,Stuffed Paratha,18089641,panther
259,armommi,brand,Meat Samosa,316147373,lauren
260,Shirley Sacks,male,Plain Rice,969672378,angela
261,"Alydar ""alydar""",female,Plain Naan,293340865,bitch
262,Al Abubakr Douglas,male,Mixed Vegetable Curry,476317382,spanky
263,Scott Dixon,male,Aloo Gobi,48236235,thx1138
264,Karen Keauhou Chun,male,Curry Sauce,349177562,angels
265,LK,male,Mango Chutney,1069811420,madison
266,Zots,female,Raitha,35391199,winston
267,A. Brazhnykova,female,Madras - Chicken,8652512,shannon
268,djn,brand,Plain Naan,305399525,mike
269,Paula,brand,Bottle Diet Coke,217319143,toyota
270,Anel Lopez,male,Plain Rice,8.78E+17,blowjob
271,Chipper,female,Bombay Aloo,2444232436,jordan23
272,Patilo,brand,Chicken Tikka Jalfrezi,453510918,canada
273,B. E Jackson,brand,Mushroom Rice,150996744,sophie
274,"Nori Silverrage ""Nori""",male,Plain Papadum,2465466121,Password
275,R. Symansky,male,Cauliflower Bhajee,885524240,apples
276,"Loves to Cook ""Loves""",female,Dhansak - Chicken,888145681,dick
277,J. Kraayenbrink,female,Tarka Dall,272893712,tiger
278,AmandaEve011,brand,Saag Dall,452462357,razz
279,Pertigal,brand,Vindaloo - Chicken,9963292,123abc
280,"P. Clermont ""learning God's word""",male,Special Fried Rice,1680869150,pokemon
281,"Little D, Nigel, and Oliver's mom",male,Plain Naan,15730467,qazxsw
282,"Louie's Mom ""Compulsive Reader""",female,Bombay Aloo,7.72E+17,55555
283,sadhaka,female,Lamb Biryani,7.72E+17,qwaszx
284,Lindey H. Magee,female,Chicken Biryani,268961586,muffin
285,"R. Lee Dailey ""Lee_Dailey""",male,Bombay Aloo,387450674,johnson
286,imdebra,brand,Peshwari Naan,8.77E+17,murphy
287,Joseph Kagan,female,Dhansak - Lamb,238028607,cooper
288,Wonder Woman 89,female,Korma - Chicken,241698625,jonathan
289,"C. Williams ""will5927""",male,Plain Naan,940050242,liverpoo
290,"Mare Laden ""Mare""",female,Pilau Rice,917505878,david
291,"Roderic Rinehart ""Roderic""",female,Pilau Rice,8.03E+17,danielle
292,R. Lewis,male,Chicken Tikka Masala,8.07E+17,159357
293,Jennifer Gray,male,Madras - Chicken Tikka,242747238,jackie
294,John Erikson,brand,Onion Bhajee,34867057,1990
295,D. J. Lawhead,brand,Chicken Tikka Jalfrezi,495716215,123456a
296,Thezwomann,female,Pilau Rice,36439939,789456
297,mase310,female,Plain Naan,52430724,turtle
298,Kevin D. Schoeninger,brand,Green Salad,73140135,horny
299,Joanna Capello-Paul,female,Sheek Kebab,125568955,abcd1234
300,Mariza R Barnes,brand,Vegetable Biryani,219416510,scorpion
301,longlivedave,brand,Aloo Chaat,225445834,qazwsxedc
302,jeremygiesel,female,Madras - King Prawn,2932344784,101010
303,LMPGAP,brand,Pilau Rice,50595800,butter
304,Nicholas Wagner,male,Butter Chicken,856426471,carlos
305,Lh,male,Plain Papadum,19924969,password1
306,benvenutofam,female,Chicken Tikka Masala,2301364213,dennis
307,"Carol L. Chmiel ""Carol Chmiel""",male,Plain Naan,599001082,slipknot
308,"D. L. Brown ""A Knower Of Good Things""",female,Rogon - Chicken,147589125,qwerty123
309,FL-Gal,male,Chicken Tikka (Main),7.96E+17,booger
310,MLadyJ,male,Madras - Chicken Tikka,7.79E+17,asdf
311,"DF ""Dinky""",male,Garlic Naan,2196506641,1991
312,HELfromBL,female,Bombay Aloo,883951634,black
313,Susan Toy,unknown,Saag Aloo,2563770386,startrek
314,"Maggi ""Mags""",male,French Fries,161482772,12341234
315,D. Alger,male,Pilau Rice,1602488347,cameron
316,M. AIMINO,female,Onion Bhajee,178260000,newyork
317,Scott E. Packard,male,Plain Papadum,614467617,rainbow
318,Colleen Clark,female,Mint Sauce,372508707,nathan
319,dewalt66,male,Chicken Tikka Karahi,3236431915,john
320,Jeffrey M. Moisan,male,Mushroom Bhajee,113248312,1992
321,24fan,brand,Plain Rice,762841146,rocket
322,Deborah A. Young,brand,Chicken Tikka,315623483,viking
323,"Annie ""Annie""",brand,Royal Paneer,2728659003,redskins
324,"Hurricane Ridge ""Chris""",female,Garlic Naan,20711495,butthead
325,Ute H. Bischoff,brand,Bottle Diet Coke,80480330,asdfghjkl
326,Breanna,female,Korma - Chicken,1885079629,1212
327,flowergirl,female,Peshwari Naan,99092563,sierra
328,ck,female,Lemon Rice,6031442,peaches
329,Donna Kelly,brand,Mushroom Rice,1711016023,gemini
330,Gadget girl,brand,Lamb Sylhet,1976043619,doctor
331,AMAZONGURL,male,Spicy Papadum,412354660,wilson
332,Maplerise Mom,unknown,Red Sauce,38537315,sandra
333,calledoutwithwords,male,Plain Rice,216533096,helpme
334,Explorer777,brand,Dupiaza - Chicken Tikka,8.49E+17,qwertyui
335,SANA AWAR,female,Chapati,103024765,victor
336,D. W. Knowlington,male,Saag - Chicken,2530740348,florida
337,Bprice,female,Saag Paneer,7.37E+17,dolphin
338,Jody,female,Saag Rice,7.87E+17,pookie
339,Mommy with an Opinion,female,Sheek Kebab,8.37E+17,captain
340,M. Knapp,male,Plain Papadum,7.11E+17,tucker
341,"J. Ponce ""MPonce""",female,Lamb Tikka Masala,7.84E+17,blue
342,"Jaime M ""Luc's Mom""",brand,Pilau Rice,8.06E+17,liverpool
343,J. Foreman,male,Keema Naan,8.23E+17,theman
344,C. Lamberts,female,French Fries,107481236,bandit
345,"S. Nayeem ""Hanaa's mommy""",female,Keema Rice,7.33E+17,dolphins
346,"Heidi ""Hydez54""",brand,Bombay Aloo,106170524,maddog
347,R. C. Wilkins,male,Madras - Lamb,7.72E+17,packers
348,Siri J,female,Lamb Biryani,90704023,jaguar
349,"Michael Ekstrum ""expresso bean fan""",brand,Lamb Tikka Chilli Masala,28838048,lovers
350,taza052007,brand,Garlic Naan,38799543,nicholas
351,"Heartsinohio ""Heartsinohio""",male,Paneer Tikka Sizzler,67635391,united
352,G. Macleod,female,Vindaloo Sauce,14944471,tiffany
353,"Michelle L. West ""Paisleymll""",male,Plain Rice,288884968,maxwell
354,"Proud Mom of Two ""Bigounets""",brand,French Fries,35916009,zzzzzz
355,K. Gohokar,male,Chicken Mysore,278399214,nirvana
356,D. J. Brown,male,Garlic Naan,321390831,jeremy
357,Thomas A. Johnson,female,Lamb Chilli Garlic,205261048,suckit
358,talonmedic,brand,Aloo Chaat,8.44E+17,stupid
359,Sarah Bowman,female,Tandoori Mixed Grill,2431387897,porn
360,Bruce L. Ishimatsu,brand,Tandoori Roti,251136261,monica
361,Mr Coffee,male,King Prawn Puree,188483855,elephant
362,Rusy,male,Plain Papadum,2253916442,giants
363,cat's food,brand,Chicken Shashlick,1249904934,jackass
364,S. Smith,brand,Bhindi Bhajee,17828140,hotdog
365,Alison,male,Dhansak Sauce,119802157,rosebud
366,Moviegeek,male,Onion Bhajee,41421105,success
367,"P. Parchman ""Savvy Shopper""",female,Tarka Dall,236980532,debbie
368,"Jerry Perkins ""Nevada Perky""",female,Saag Paneer,7.13E+17,mountain
369,"C. F. Hill ""CFH""",male,Baingan Hari Mirch,4820306248,444444
370,Blythe Dresser,brand,Madras - Chicken,39586129,xxxxxxxx
371,Carol C.,female,Lemon Rice,2590771538,warrior
372,Joy2talk2U,male,Spicy Papadum,248252756,1q2w3e4r5t
373,"Michael Kelly ""kelly""",brand,French Fries,8.80E+17,q1w2e3
374,"J. D. Laughead ""jdlaughead""",male,Mint Sauce,8.96E+17,123456q
375,blanket lady,male,Lime Pickle,146540920,albert
376,MsMargo,brand,Mango Chutney,420219280,metallic
377,crpar,female,Red Sauce,231999899,lucky
378,Corvette &#34;Terry&#34;,brand,Onion Chutney,298060189,azerty
379,Brandonius,male,Red Sauce,7.82E+17,7777
380,Jeanjae,male,Red Sauce,7.72E+17,shithead
381,Allison Beegle,brand,Mango Chutney,403179950,alex
382,waydeps,brand,Mint Sauce,24906161,bond007
383,Comdet,male,Mango Chutney,8.77E+17,alexis
384,Murdy,brand,Mint Sauce,262146488,1111111
385,Judy,male,Onion Chutney,369625532,samson
386,Ammers,brand,Onion Chutney,8.43E+17,5150
387,Cashew nutter,female,Mango Chutney,20449731,willie
388,Duchess in Denim,female,Mint Sauce,3266054594,scorpio
389,T,unknown,Mango Chutney,37751238,bonnie
390,"D. Mertins ""AUDIOGURU""",female,Mint Sauce,8.77E+17,gators
391,Darcy,female,Mango Chutney,18614747,benjamin
392,Charles W Brown,brand,Mango Chutney,2307656165,voodoo
393,Peg,male,Mango Chutney,5507572,driver
394,First Time Mom,male,Mint Sauce,12585462,dexter
395,"King of Breakfasts ""King""",male,Mango Chutney,177474041,2112
396,Leonard Kocurek,female,Lime Pickle,25954814,jason
397,Stephanie Reid-Simons,male,Mango Chutney,787483152,calvin
398,"A Research It Maven ""Just the facts please""",male,Mint Sauce,405015059,freddy
399,"A. Lehmann ""sweetnotes""",brand,Red Sauce,4848093719,212121
400,G. Erikson,female,Mint Sauce,547097112,creative
401,"fishaholic ""hearyeethis""",female,Mango Chutney,467991054,12345a
402,X,female,Mint Sauce,111938071,sydney
403,southernboy,female,Mango Chutney,20711964,rush2112
404,"Joy L. Breegle ""Joy B.""",male,Mint Sauce,22284834,1989
405,an honest reviewer,male,Mango Chutney,3312192048,asdfghjk
406,D. E. Leslie,unknown,Mango Chutney,279185985,red123
407,Calizian,male,Mint Sauce,906758731,bubba
408,"Melissa N. Connor ""rare maven""",female,Mango Chutney,2532837963,4815162342
409,Patricia,female,Onion Chutney,878447185,passw0rd
410,Bill,brand,Red Sauce,592972389,trouble
411,marilyn,female,Mint Sauce,60820070,gunner
412,pattymelt,male,Mango Chutney,42207855,happy
413,"Robert Ames ""Spenser_man""",male,Lime Pickle,72878707,fucking
414,LDA,unknown,Mint Sauce,46926453,gordon
415,tacoland,brand,Mango Chutney,19925621,legend
416,Ian Harmer,brand,Mango Chutney,351799946,jessie
417,mosslake,male,Red Sauce,3299871373,stella
418,W. Smith,brand,Red Sauce,7.91E+17,qwert
419,Samuel Spade,female,Mango Chutney,8.04E+17,eminem
420,R. Thomasson,brand,Mint Sauce,3077835414,arthur
421,John Snell,brand,Red Sauce,124258971,apple
422,BruteNStones,brand,Mango Chutney,19663518,nissan
423,"Sharon M. Helfand ""Scrapper""",male,Mint Sauce,37489316,bullshit
424,Peter N,brand,Mint Sauce,8.03E+17,bear
425,albinocrow,male,Red Sauce,15731377,america
426,albinocrow,brand,Mango Chutney,132385468,1qazxsw2
427,B. Carter,male,Mango Chutney,7.72E+17,nothing
428,BadPotato,male,Lime Pickle,227019467,parker
429,"Sharon M. Helfand ""Scrapper""",female,Mango Chutney,413403853,4444
430,"John F. Peters ""John Peters""",brand,Mint Sauce,44829395,rebecca
431,J. Graves,male,Onion Chutney,175639254,qweqwe
432,Patrick Tran,male,Red Sauce,460279825,garfield
433,"G. Little ""value seeker""",brand,Lime Pickle,2337802973,1012011
434,L. Schrank,brand,Onion Chutney,91491046,beavis
435,L. Schrank,female,Red Sauce,1516505838,69696969
436,Sean,female,Mango Chutney,165153530,jack
437,suzieg2,brand,Mint Sauce,279710472,asdasd
438,Shopper11,brand,Mango Chutney,247991049,december
439,Patty Kaye,brand,Lime Pickle,226757393,2222
440,David,male,Mango Chutney,71568164,102030
441,Firefly,female,Mint Sauce,805571370,252525
442,Dane King,female,Onion Chutney,630459182,11223344
443,"John B. Goode ""JBG""",female,Mint Sauce,348654395,magic
444,Lee Brownell,male,Mango Chutney,436996936,apollo
445,NyahNyah,female,Red Sauce,61868891,skippy
446,Jason Ralsky,brand,Mint Sauce,73141088,315475
447,karob,female,Onion Chutney,1219758966,girls
448,Injured Panda,brand,Mint Sauce,3300133759,kitten
449,cppme,female,Red Sauce,715918219,golf
450,B. Sanders,male,Mango Chutney,4849142669,copper
451,"Lynrie ""Oh HELL no""",female,Mint Sauce,23595924,braves
452,persia,male,Mango Chutney,18353044,shelby
453,The Boom,female,Onion Chutney,393743257,godzilla
454,"Gloria E. Clements ""thistle809""",brand,Lime Pickle,310643621,beaver
455,a Thai living in MN,brand,Red Sauce,7.54E+17,fred
456,Deborah E. Bumpus,brand,Mango Chutney,265554862,tomcat
457,"Jordan B. Sanders ""Vortigern Trygil""",brand,Mango Chutney,2363231167,august
458,"Matt C. ""Mattman""",brand,Mint Sauce,4384885696,buddy
459,"P. Young ""Sugahplumm""",brand,Mint Sauce,7.72E+17,airborne
460,"Thomas A. Roberts ""tomrgalvtx""",brand,Onion Chutney,1233652698,1993
461,T. judy,female,Mint Sauce,103025630,1988
462,Jean Visnefski,male,Onion Chutney,24906723,lifehack
463,EJH,brand,Mango Chutney,46664677,qqqqqq
464,"Chi ""Who loves to find bargains and lives a g...",brand,Mango Chutney,132385773,brooklyn
465,EuReka,brand,Mango Chutney,8.76E+17,animal
466,Jared Castle,brand,Mint Sauce,34343928,platinum
467,Jared Castle,brand,Red Sauce,18091004,phantom
468,C. Charles,male,Mint Sauce,379325443,online
469,MisterStorm,male,Mint Sauce,790629380,xavier
470,"W. Muckelroy ""Chawk68""",brand,Mango Chutney,38973772,darkness
471,Fran W.,male,Mint Sauce,250350611,blink182
472,the Poodle,brand,Mango Chutney,2610433058,power
473,CV,brand,Onion Chutney,64228387,fish
474,Denise Graner,female,Red Sauce,20974645,green
475,"A. M. L. Hentz ""AnneMarie""",brand,Mango Chutney,483396662,789456123
476,"R. Wheeler ""Pryd""",unknown,Mango Chutney,342363193,voyager
477,Ashish Shah,brand,Lime Pickle,2718436417,police
478,"Eric BVD ""Eric""",female,Mint Sauce,2171079759,travis
479,Daniel Hill,brand,Red Sauce,1002441816,12qwaszx
480,"Norman Tang ""Amazon Norman""",brand,Mint Sauce,114035804,heaven
481,"C. Graube ""pup friend""",female,Lime Pickle,7.70E+17,snowball
482,"Dolores Swan ""Swannie""",brand,Lime Pickle,8.76E+17,lover
483,"S. Samoranos ""Inspired cook""",female,Mango Chutney,2794720358,abcdef
484,Barbara A. Puckett,brand,Mango Chutney,53218408,0
485,Fran W.,female,Mango Chutney,19139694,pakistan
486,Fran W.,brand,Mango Chutney,482610286,7007
487,"JavaJewel ""It's all  water under the bridge...""",brand,Onion Chutney,2158759025,walter
488,M. A. Ramos,male,Mango Chutney,3979873394,playboy
489,M. A. Ramos,male,Onion Chutney,14421107,blazer
490,"A. Nichols ""upteeajn2""",unknown,Mango Chutney,538446976,cricket
491,"Mary D. Haper ""Gramma to 3 boys""",unknown,Lime Pickle,2573208707,sniper
492,Paul D. Ossman,male,Mint Sauce,71225650,hooters
493,musicalcharge,brand,Mint Sauce,153619589,donkey
494,Jason T. Stevens,female,Mint Sauce,7.11E+17,willow
495,Darren,brand,Mango Chutney,27528339,loveme
496,Keith,,Mango Chutney,7.84E+17,saturn
497,bubbles,male,Mint Sauce,2468088978,therock
498,Bruce G. Lindsay,female,Onion Chutney,556534934,redwings
499,J. Baker,male,Mint Sauce,90967197,bigboy
500,D. Gesswein,male,Mint Sauce,7.72E+17,pumpkin
501,annie,male,Mango Chutney,231214259,trinity
502,Linda Mullings,male,Mango Chutney,3178499254,williams
503,J. Graves,male,Red Sauce,292555960,tits
504,"apoem ""apoem""",male,Mango Chutney,1414794427,nintendo
505,Summer,unknown,Onion Chutney,299371708,digital
506,Tiny Tim,female,Mint Sauce,94899391,destiny
507,Christine,female,Mango Chutney,122162381,topgun
508,Nikolette Tripp,female,Mango Chutney,28052685,runner
509,R. Yamaoka,female,Mint Sauce,38538449,marvin
510,A. Crawford,male,Mango Chutney,2214071510,guinness
511,Sophie,male,Mint Sauce,637275359,chance
512,"Tom Z. ""tzphotos.com""",brand,Onion Chutney,304352481,bubbles
513,"S. brown ""shiney lady""",brand,Red Sauce,357567715,testing
514,ObsidianGT,male,Mango Chutney,2458389740,fire
515,Rich,female,Mint Sauce,30412016,november
516,"Judy Schinske ""Veronica""",brand,Onion Chutney,2560101619,minecraft
517,M. Simpson,female,Mango Chutney,1335364873,asdf1234
518,V. Lowe,male,Mango Chutney,109579534,lasvegas
519,Janet R. Miles,unknown,Mint Sauce,323226897,sergey
520,"Alabaster Jones ""perpenhopher""",male,Mango Chutney,2992377108,broncos
521,retrodog,female,Mango Chutney,59247894,cartman
522,"Betty L. Dravis ""BETTY DRAVIS, author/reviewer""",male,Mint Sauce,17304859,private
523,Stan Miastkowski,brand,Onion Chutney,24382752,celtic
524,"  Groovin' guy ""music historian""",male,Red Sauce,616303909,birdie
525,ClickmeClickme,unknown,Mango Chutney,1548750122,little
526,dolphins,male,Mango Chutney,315886893,cassie
527,James J. Bell,brand,Mango Chutney,210242862,babygirl
528,"MicTrik ""mictrik""",brand,Onion Chutney,81530160,donald
529,Natasha Stryker,female,Mint Sauce,149163313,beatles
530,Midwest Mommy,brand,Lime Pickle,630197568,1313
531,P. Bangera,male,Onion Chutney,7.72E+17,dickhead
532,Dustin J. Fender,male,Mint Sauce,25693507,family
533,Jeanne Luster,female,Mango Chutney,581438790,12121212
534,DJ Joe Sixpack,unknown,Onion Chutney,703335756,school
535,M. Martin,unknown,Mango Chutney,2459700563,louise
536,Thel,brand,Mint Sauce,365694298,gabriel
537,Geeb,male,Red Sauce,244845936,eclipse
538,cgoldsmith19,female,Mango Chutney,3332902257,fluffy
539,"Patricia ""A Reader""",unknown,Onion Chutney,1891896709,147258369
540,Jean Visnefski,brand,Mint Sauce,2729708935,lol123
541,Jimmy,male,Mango Chutney,848039305,explorer
542,"A. cotton ""CaramelCandy1978""",brand,Red Sauce,382995849,beer
543,"tatcol ""tatcol""",female,Mango Chutney,298585488,nelson
544,TZ1 GUY,unknown,Mango Chutney,544738709,flyers
545,Molly Yarber,female,Lime Pickle,498863526,spencer
546,Tim,female,Mint Sauce,8.76E+17,scott
547,J. Tan,male,Onion Chutney,1181748655,lovely
548,"qualquan ""qualquan""",brand,Red Sauce,20450738,gibson
549,"K. Schoeneman ""Grape nut""",brand,Mint Sauce,7081402,doggie
550,"Patricia A. Cioffi ""SHOPPING JUNKIE""",brand,Mango Chutney,376966590,cherry
551,"Jane ""jdeaton2""",brand,Mint Sauce,3257929151,andrey
552,The REAL Radiodude,female,Onion Chutney,7.96E+17,snickers
553,M. Barron,male,Onion Chutney,159387080,buffalo
554,Carole Niehaus,male,Mango Chutney,1252265444,pantera
555,Linda,male,Mango Chutney,2565606889,metallica
556,"Godess MOM ""Goddess MOM""",male,Onion Chutney,102239729,member
557,Mye,male,Mango Chutney,2329415154,carter
558,ComputerGuy,male,Mango Chutney,1979190776,qwertyu
559,"Paul Rodney Williams ""Higher Lifestyle""",female,Onion Chutney,8.91E+17,peter
560,J. Day,female,Mango Chutney,544214527,alexande
561,mel,female,Onion Chutney,2818051585,steve
562,Kathryn S. Leon,female,Onion Chutney,823660038,bronco
563,Zach Morris,male,Mango Chutney,267390486,paradise
564,"GFCFmom ""GFCFmom""",female,Red Sauce,177737258,goober
565,"D. Pawl ""Dani""",female,Mint Sauce,599264817,5555
566,Lillie Walker,brand,Mango Chutney,4162850356,samuel
567,MisterJym,female,Onion Chutney,3121352247,montana
568,Imelda'sFetish,female,Mango Chutney,266866249,mexico
569,"WriterGirl ""WriterGirl""",brand,Mango Chutney,42208855,dreams
570,superjoe,brand,Onion Chutney,67636824,michigan
571,Jean Visnefski,unknown,Mango Chutney,21761627,cock
572,Joseph Orellano,brand,Mint Sauce,479727198,carolina
573,The Swatster,unknown,Onion Chutney,64753254,yankee
574,Jared Castle,brand,Red Sauce,209456754,friends
575,Mar-12,male,Lime Pickle,31523146,magnum
576,What's4dinner?,male,Mango Chutney,189271687,surfer
577,"Nice Lady ""a reasonable person""",brand,Mint Sauce,458755731,poopoo
578,candy lady,female,Mango Chutney,9.58E+17,maximus
579,Yoli,brand,Mint Sauce,58461854,genius
580,David Glazer,brand,Lime Pickle,583012000,cool
581,patent_lawyer,male,Mint Sauce,956829350,vampire
582,"Randy Hardwick ""randyontheglobe""",,Red Sauce,123997878,lacrosse
583,Mark H. Klemme,unknown,Onion Chutney,24907451,asd123
584,GLO,male,Mango Chutney,15732429,aaaa
585,Rae K.,unknown,Mint Sauce,40898254,christin
586,Amazon Fan,brand,Mint Sauce,34868950,kimberly
587,J. Graves,unknown,Mango Chutney,44306137,speedy
588,C. Blackwell,male,Mint Sauce,24383198,sharon
589,BruteNStones,brand,Mango Chutney,3506959932,carmen
590,"Brian Nallick ""METALMANMN""",brand,Onion Chutney,464260842,111222
591,Steven A. Peterson,male,Mango Chutney,24645354,kristina
592,"Murphy ""Goldenmom""",brand,Mango Chutney,78384881,sammy
593,"E. Demir ""emiko""",male,Mango Chutney,9.50E+17,racing
594,"L. Wang ""L. Wang""",male,Mint Sauce,1.04E+18,ou812
595,lady in the south,male,Mint Sauce,50859813,sabrina
596,"L. Ljunghammar ""Eclectic Scout""",female,Mint Sauce,8.91E+17,horses
597,"Kenneth Holmes ""flippper60""",unknown,Onion Chutney,272633657,987654321
598,MT_Soul,female,Red Sauce,24907585,qwerty1
599,Andrew D. Vorrath,female,Mango Chutney,23859014,pimpin
600,Jean Visnefski,male,Red Sauce,42733384,baby
601,"Yuni ""nut_stud""",brand,Onion Chutney,2919763790,stalker
602,Jared Castle,brand,Mint Sauce,134745940,enigma
603,Jared Castle,brand,Mango Chutney,61869915,147147
604,Brian H. Goldberg,female,Mint Sauce,269225854,star
605,M. Novak,male,Onion Chutney,18091904,poohbear
606,"Jilla ""Jilla""",female,Red Sauce,453513089,boobies
607,stephie,brand,Lime Pickle,164438347,147258
608,Alex D. Berg,female,Onion Chutney,1289228173,simple
609,"Halcyon Moses ""GoGreenMart&More.com""",unknown,Mango Chutney,6819732,bollocks
610,"Shannie ""Shan""",female,Onion Chutney,415764375,12345q
611,Rubyred,male,Red Sauce,324538274,marcus
612,J. Arena,female,Mango Chutney,88084392,brian
613,James Walters,unknown,Mango Chutney,197660588,1987
614,L. Cabrera,male,Red Sauce,22548403,qweasdzxc
615,Wildcat Fan,female,Onion Chutney,19926982,drowssap
616,Catherine Taylor,brand,Mango Chutney,9.67E+17,hahaha
617,Arthur Kang,female,Mango Chutney,139202541,caroline
618,"Earl M. Rce ""ezdouble07""",male,Mint Sauce,87035888,barbara
619,AnneSAHM,female,Lime Pickle,7.10E+17,dave
620,JS from Maryland,female,Onion Chutney,7.58E+17,viper
621,T. Nelson,unknown,Lime Pickle,9.28E+17,drummer
622,"D. Pawl ""Dani""",male,Mango Chutney,7.90E+17,action
623,"Catherine Diane ""CDI""",female,Mango Chutney,7.81E+17,einstein
624,jschristian44,male,Onion Chutney,94900238,bitches
625,Gail Cooke,female,Mango Chutney,3017805851,genesis
626,J. Silva,female,Mint Sauce,189009947,hello1
627,Eco-Friendly Interior Designer,brand,Mango Chutney,2837712923,scotty
628,Punim,brand,Red Sauce,739774489,friend
629,"Desperado ""Ron""",female,Mango Chutney,137367585,forest
630,Shane Martin,brand,Mango Chutney,141299741,10203
631,Steffanee Holt,male,Red Sauce,1589907487,hotrod
632,nonpareil,unknown,Mint Sauce,258478116,google
633,"John G. Edwards ""homiedog""",brand,Mint Sauce,55840808,vanessa
634,Brian Bean,brand,Mango Chutney,8.77E+17,spitfire
635,Meg,female,Onion Chutney,294916156,badger
636,i am me,male,Mango Chutney,7.72E+17,maryjane
637,Chris,female,Mint Sauce,7.72E+17,friday
638,"M. Gonzales ""emelgee""",female,Red Sauce,256643151,alaska
639,"Jeremy Morgan ""A good book on your shelf is a...",female,Mango Chutney,7.66E+17,1232323q
640,"Anil ""Anil O.""",female,Mango Chutney,4469821522,tester
641,hans heinsbroek,female,Mint Sauce,8.06E+17,jester
642,"Zoran Dzeletovic ""dzela""",brand,Mint Sauce,347607131,jake
643,prb in California,female,Onion Chutney,2929725533,champion
644,Evelyn,male,Mint Sauce,36704352,billy
645,Judith Mariani,male,Mint Sauce,20189287,147852
646,S. Block,female,Onion Chutney,1059852410,rock
647,"J. arroyo ""GOLF NUT""",male,Mango Chutney,206049405,hawaii
648,Gillian B. McArthur,brand,Mango Chutney,1.01E+18,badass
649,Natasha Stryker,female,Mint Sauce,116134032,chevy
650,"Bill ""whuebl""",female,Mango Chutney,790680,420420
651,Scott FS,female,Red Sauce,423891097,walker
652,microjoe,male,Mint Sauce,513112719,stephen
653,"Debra Schiff ""http://hereandthere123.blogspot...",male,Mango Chutney,2258112673,eagle1
654,Richard C. Washburn,female,Mango Chutney,353636529,bill
655,"P. Ernst ""4beanerboy""",female,Onion Chutney,406065351,1986
656,purple lotus,male,Red Sauce,80744646,october
657,Jani Hager,male,Mango Chutney,46318078,gregory
658,"P. Clifford ""RN2B""",brand,Mango Chutney,1360531694,svetlana
659,J A,brand,Mango Chutney,56627441,pamela
660,C. Gibbs,male,Mint Sauce,634130682,1984
661,"Timothy L. Tulewski ""T. McDonald""",male,Mango Chutney,193728764,music
662,Omar,male,Mint Sauce,2295337212,shorty
663,N. R. Evans,male,Mango Chutney,9.20E+17,westside
664,"D. L. Brown ""A Knower Of Good Things""",male,Mint Sauce,3287027977,stanley
665,Cowgirlhardware2011,brand,Lime Pickle,240128281,diesel
666,1catlover,male,Mango Chutney,39325978,courtney
667,"R. Pompei Navarre ""Bull Runner""",female,Mango Chutney,113512735,242424
668,Bill,male,Mint Sauce,1202983213,kevin
669,"Sunny Side Up ""CoffeeBuzz""",unknown,Onion Chutney,8.77E+17,porno
670,Debra Gifford,female,Red Sauce,268439864,hitman
671,A. Sarich,male,Red Sauce,1.12E+18,boobs
672,adzam,male,Mint Sauce,2336493886,mark
673,Atlantis,female,Mint Sauce,318924291,12345qwert
674,Smart,female,Onion Chutney,16257347,reddog
675,"HH ""h_squared""",female,Lime Pickle,423104853,frank
676,"Deja Vu ""Angela""",male,Mint Sauce,25956690,qwe123
677,"mendomom ""mendomom""",brand,Onion Chutney,378278231,popcorn
678,"S. Andrews ""Sunsh!ne""",brand,Red Sauce,8.74E+17,patricia
679,L. Hulse,,Onion Chutney,46928242,aaaaaaaa
680,"TG ""Tigris""",female,Mango Chutney,16519549,1969
681,"Chip Lover ""Leisa""",unknown,Mango Chutney,466882955,teresa
682,Tiffany,brand,Mint Sauce,3014398348,mozart
683,Joe133,male,Onion Chutney,41161102,buddha
684,Denise Graner,male,Mango Chutney,7.08E+17,anderson
685,C. Young,male,Mango Chutney,360714671,paul
686,Mir,unknown,Red Sauce,1.07E+18,melanie
687,Karen E. Emanuel,male,Mango Chutney,790984,abcdefg
688,"P. Werwie ""Punchneedle Chick""",unknown,Mint Sauce,232526281,security
689,"K. Stuckey ""kateling""",brand,Mango Chutney,2305036753,lucky1
690,Seraxia,male,Mango Chutney,3299611091,lizard
691,Kathryn Waldrup,brand,Mint Sauce,1586237918,denise
692,doraima,male,Mango Chutney,807670261,3333
693,M. Esmail,male,Mango Chutney,382996982,a12345
694,"B Healthy ""Healthy eater""",male,Onion Chutney,2675708408,123789
695,"Mary K. Herman ""Marushka""",female,Mint Sauce,1223430648,ruslan
696,"P. Herbert ""cal_herbie""",brand,Mango Chutney,22024720,stargate
697,"A. Chrzanowski ""Dwarf Mama""",male,Mint Sauce,786960912,simpsons
698,Rich Wang,male,Mango Chutney,2267288083,scarface
699,Jay M. Clayton,unknown,Onion Chutney,84152857,eagle
700,Russell Oelschlager,brand,Onion Chutney,163582516,123456789a
701,"Cow ""cowguy6""",brand,Mango Chutney,286790217,thumper
702,"Yummycheetos25 ""LeLe""",female,Mango Chutney,20451915,olivia
703,Dennis Wright,female,Mint Sauce,7.23E+17,naruto
704,S. Doubek,female,Mango Chutney,327422553,1234554321
705,"mommyofchristopher ""mommyofchristopher""",brand,Mint Sauce,545520971,general
706,"Jason G. Godin ""Dog lover""",female,Onion Chutney,206049898,cherokee
707,A. Crawford,female,Mango Chutney,327684727,a123456
708,Lisa M. Redington,brand,Mint Sauce,635966074,vincent
709,"Jelcy Romberg ""Chocolate Breath""",male,Mint Sauce,88576304,Usuckballz1
710,Nancy Walsh,female,Mango Chutney,388502138,spooky
711,"GG ""reading tutor""",brand,Onion Chutney,85725829,qweasd
712,kimberly,male,Mint Sauce,39588492,cumshot
713,Carolyn Waters,brand,Red Sauce,114299539,free
714,Shelly Kenyon,female,Onion Chutney,78385842,frankie
715,J,male,Mint Sauce,3246396084,douglas
716,De Profundis,male,Mint Sauce,111678148,death
717,jesse girl,brand,Onion Chutney,137630414,1980
718,"L. Pray ""bargainqueen""",brand,Mango Chutney,299373263,loveyou
719,Stephanie J. Myers,male,Onion Chutney,3014136535,kitty
720,"JSY9951 ""JSY9951""",brand,Onion Chutney,81007322,kelly
721,"B. P. Mayeux ""bpmayeux""",female,Mint Sauce,2171867880,veronica
722,Overseas Mom,male,Mango Chutney,531632887,suzuki
723,HM,female,Onion Chutney,532157179,semperfi
724,Charles R. Bock,female,Mint Sauce,3020165893,penguin
725,koboilila,male,Onion Chutney,32248589,mercury
726,Steph,female,Mango Chutney,352064277,liberty
727,Sonya Milliron,female,Mango Chutney,10228502,spirit
728,good dog,male,Mint Sauce,7.18E+17,scotland
729,Chris,female,Onion Chutney,885003066,natalie
730,Rod Jonse,male,Red Sauce,227545922,marley
731,"the BURNiNATOR ""raggle fraggle""",female,Mango Chutney,1162875732,vikings
732,Dissapointed,male,Mint Sauce,31462230,system
733,Runriverrun,female,Mint Sauce,1871975262,sucker
734,Grandma LU,male,Lime Pickle,141300574,king
735,Cooking  Mama,unknown,Onion Chutney,20714349,allison
736,"Andrea Zalesakova ""AZ""",brand,Red Sauce,193205108,marshall
737,RnnrGrl,brand,Mint Sauce,448009084,1979
738,Michelle M. White,female,Mango Chutney,7.63E+17,98765
739,"ClaraP ""BookHooked""",female,Mint Sauce,127931276,qwerty12
740,Colleen,male,Mango Chutney,3233551254,hummer
741,Scott Schrantz,brand,Lime Pickle,791449,adrian
742,Diana Solomon,male,Mint Sauce,1970279328,1985
743,R. Martin,male,Mango Chutney,1862538146,vfhbyf
744,mizztanya,female,Red Sauce,421532582,sandman
745,"Zak Rudy ""muzak""",unknown,Mango Chutney,878449580,rocky
746,dream factory,female,Mint Sauce,22549433,leslie
747,Tabitha,female,Mango Chutney,27530178,antonio
748,pmen123,female,Mango Chutney,469504967,98765432
749,"Marilyn Demaio ""mumsie""",,Mango Chutney,269489101,4321
750,Debs,female,Red Sauce,27530219,softball
751,Electric Leaf,brand,Mint Sauce,3259503600,passion
752,Robert,male,Red Sauce,4905513086,mnbvcxz
753,Robert Ritter,brand,Mint Sauce,2310280190,bastard
754,"Mark P. Stevens ""Utard""",male,Lime Pickle,1219499012,passport
755,"J. Lyman ""amazon addict""",female,Mint Sauce,99881991,horney
756,"ertrstso ""furbabies""",male,Mango Chutney,38802447,rascal
757,"Teresa C. Holder ""Cook book Gatherer""",female,Mint Sauce,608703511,howard
758,Earl Hudson,female,Mango Chutney,1.03E+18,franklin
759,taostalk,male,Mint Sauce,23335967,bigred
760,J. Johnson,female,Mango Chutney,8.25E+17,assman
761,"Richard L. Costello ""rbjrev""",male,Mango Chutney,605819946,alexander
762,patc477,brand,Onion Chutney,358880317,homer
763,S.A.D.,brand,Lime Pickle,4112258113,redrum
764,"coffee drinker in PA ""coffee drinker in PA""",unknown,Mint Sauce,437523529,jupiter
765,James Brooks,female,Onion Chutney,406590542,claudia
766,Kokopelli,male,Mango Chutney,339219535,55555555
767,Patricia J. Nohalty,male,Mango Chutney,8.95E+17,141414
768,S. Walton,brand,Mint Sauce,618665044,zaq12wsx
769,don,brand,Onion Chutney,70784114,shit
770,"A.Trendl HungarianBookstore.com ""What should ...",male,Red Sauce,236197005,patches
771,amanda,male,Onion Chutney,28054681,nigger
772,DNK,male,Red Sauce,42472602,cunt
773,MJ,female,Mint Sauce,3349157019,raider
774,"Rizearcher ""CrazyAboutReviews""",brand,Onion Chutney,1042814112,infinity
775,"Chuckster ""Chuck""",unknown,Mango Chutney,243799204,andre
776,Jimmy,brand,Mint Sauce,393483438,54321
777,DocBeiter,male,Mint Sauce,4733801655,galore
778,Home schooler,female,Mango Chutney,4761064634,college
779,LuvBeingAMommy75,male,Onion Chutney,537662656,russia
780,Trishelle Duncan,female,Mint Sauce,1476400334,kawasaki
781,Angel L. Maki,female,Red Sauce,37229778,bishop
782,"Enchanted  In  Dixie ""Enchanted""",female,Mint Sauce,8.32E+17,77777777
783,BigCityLady,male,Mango Chutney,1293948120,vladimir
784,lazylana05,male,Mango Chutney,247469280,money1
785,"Jennifer L. Eidsvold ""ShaylaRed""",brand,Mango Chutney,480777445,freeuser
786,NatalieVee,male,Mint Sauce,393483500,wildcats
787,"Susan Clinton ""gammer""",male,Lime Pickle,1599608046,francis
788,BB,female,Mint Sauce,563090687,disney
789,Sara_Aiden,male,Mango Chutney,416814339,budlight
790,Vehred,male,Mango Chutney,62919941,brittany
791,"D. Clark ""Auroresand""",male,Onion Chutney,7.15E+17,1994
792,Emiliy Marino,brand,Mango Chutney,629413127,0
793,annifree,female,Mint Sauce,472388869,sweet
794,Alan Edward Creager,female,Red Sauce,190846228,oksana
795,kupres,male,Onion Chutney,851711263,honda
796,Yvette Mendoza,brand,Mint Sauce,9.01E+17,domino
797,"Isehara ""isehara2""",female,Mango Chutney,62657834,bulldogs
798,SpencerMom,male,Mint Sauce,273159476,brutus
799,Aaron De Leon,female,Mint Sauce,22549812,swordfis
800,Susan C. Fowler,male,Onion Chutney,71308607,norman
801,Jelly,male,Red Sauce,81794383,monday
802,"Marie C. Majumdar ""Catherine""",female,Lime Pickle,23598426,jimmy
803,"Castlecat ""castlecat""",male,Mango Chutney,28054874,ironman
804,JC in ABQ,male,Mango Chutney,21763420,ford
805,Kdpsnake,brand,Onion Chutney,3247445346,fantasy
806,Catherine Odegard,female,Mint Sauce,224925029,9999
807,Fred Camfield,female,Mango Chutney,366744934,7654321
808,B. Rickerd,male,Onion Chutney,57152873,PASSWORD
809,"Michael Mcadams ""Scout collector""",female,Red Sauce,1337464171,hentai
810,M. Veenstra,female,Mango Chutney,76289403,duncan
811,Sharon Knibbe,brand,Red Sauce,7.08E+17,cougar
812,william,brand,Onion Chutney,8.20E+17,1977
813,"C. F. Hill ""CFH""",female,Mango Chutney,7.82E+17,jeffrey
814,Daxvieor,female,Mint Sauce,7.72E+17,house
815,"Young Professional ""Becca P""",male,Mango Chutney,7.88E+17,dancer
816,D. S. MD,brand,Onion Chutney,7.86E+17,brooke
817,"R. Fauvelle ""wintering texan""",brand,Red Sauce,9.63E+17,timothy
818,"T. Cammarata ""TLC""",brand,Mango Chutney,104600968,super
819,Harley Quinn,male,Mango Chutney,7.49E+17,marines
820,AggieSpaniel,male,Lime Pickle,7.72E+17,justice
821,"Olga Kochar ""Olga Kochar""",male,Mint Sauce,7.03E+17,digger
822,Reginald H. Arthur,male,Mango Chutney,2882278812,connor
823,Atheenas,brand,Lime Pickle,8.49E+17,patriots
824,hnryan,brand,Mango Chutney,598218154,karina
825,Mickey &amp; Moose,brand,Mint Sauce,2267026862,202020
826,SH,male,Mango Chutney,764417455,molly
827,Clancey,male,Mint Sauce,5248441,everton
828,anon63,male,Mango Chutney,3222279645,tinker
829,Chef Victoria,male,Mango Chutney,359667189,alicia
830,Mary Swinn,male,Mango Chutney,2226473150,rasdzv3
831,Anshuman Arun,female,Mango Chutney,128718338,poop
832,Craig Cook,male,Onion Chutney,221255171,pearljam
833,Anthro Mom,female,Onion Chutney,635704839,stinky
834,"Edith Faile ""sewcrabby""",male,Mint Sauce,2782664203,naughty
835,"T. Burton ""Hakalau Tom""",male,Onion Chutney,2315523596,colorado
836,ganka,female,Mango Chutney,221517327,123123a
837,Louis,female,Mango Chutney,149952019,water
838,"D. Umeno ""discerning consumer""",brand,Mango Chutney,9.13E+17,test123
839,afficionado,brand,Mint Sauce,222565914,ncc1701d
840,"Walker ""Qzrx""",brand,Onion Chutney,2151945757,motorola
841,"Barry Tegeler ""Barry""",brand,Mango Chutney,160175660,ireland
842,"Christine Giles ""shazzypupp""",male,Mango Chutney,2683835948,asdfg
843,JJ,brand,Mango Chutney,14423603,slut
844,"E. Thomsen ""arvig""",male,Mango Chutney,115873334,matt
845,Aristides P. Caringal,female,Mango Chutney,9.12E+17,houston
846,Show Me,unknown,Onion Chutney,74192447,boogie
847,vintage,female,Mango Chutney,18880069,zombie
848,"Tattletails ""Bonny""",male,Mango Chutney,2714244679,accord
849,Poppie,brand,Mint Sauce,2448430657,vision
850,naturechef,female,Mango Chutney,9.50E+17,bradley
851,"Thom Reece ""Marketing Consultant""",male,Onion Chutney,78648922,reggie
852,rr707,female,Mint Sauce,154670681,kermit
853,brewer,male,Mango Chutney,37492323,froggy
854,Vanessa Malone,brand,Mint Sauce,8.75E+17,ducati
855,"D. Berghorst ""denab""",brand,Mango Chutney,3236435570,avalon
856,Nathan K. Arnold,male,Mango Chutney,764155508,6666
857,spoiler09,brand,Onion Chutney,264771201,9379992
858,Bulldog,brand,Mango Chutney,38540936,sarah
859,M. Thompson,brand,Mango Chutney,106960532,saints
860,Sweet Tooth,brand,Mango Chutney,574101143,logitech
861,Carlos,female,Mango Chutney,173807264,chopper
862,Donuts,male,Mango Chutney,77338274,852456
863,Sweetiewee,female,Onion Chutney,47191725,simpson
864,"R. G. Pickering ""ritapick""",female,Onion Chutney,354162350,madonna
865,Mir,female,Lime Pickle,451679919,juventus
866,S. Srinivasan,male,Mint Sauce,547362491,claire
867,YOToyo,female,Onion Chutney,28055231,159951
868,Grael,male,Onion Chutney,1195120315,zachary
869,R. Dzuris,male,Mango Chutney,8.07E+17,yfnfif
870,"Lee A. Vercoe ""TangSooPap""",female,Lime Pickle,153861776,wolverin
871,Rolland M. Favre,female,Onion Chutney,29365968,warcraft
872,"Steve B ""Steve""",female,Mint Sauce,279189207,hello123
873,K. Duvall,female,Mango Chutney,358356698,extreme
874,A. Grillet,male,Lime Pickle,257169121,penis
875,K. ULLRICH,brand,Mango Chutney,131340008,peekaboo
876,Joanne Macek,female,Mint Sauce,79173358,fireman
877,lp,female,Red Sauce,15472368,eugene
878,Nursebabe,brand,Onion Chutney,719066864,brenda
879,M. Tempel,female,Mint Sauce,33036023,123654789
880,"AlmondJoy ""almondjoy""",male,Mango Chutney,18618120,russell
881,Kimmy in Valencia,female,Mango Chutney,328210196,panthers
882,"Kimberly A. Shuber ""Kimshu""",male,Mango Chutney,27531031,georgia
883,Blish,male,Mint Sauce,8.77E+17,smith
884,S. Hartman,male,Mango Chutney,7.86E+17,skyline
885,"Courtney Aie ""Court ;)""",brand,Mango Chutney,118757160,jesus
886,grandMOM,brand,Mint Sauce,19404587,elizabet
887,"Cheryl Walser ""cello jello""",male,Onion Chutney,109057836,spiderma
888,"Koehler ""bonnierabbit""",brand,Mint Sauce,26744624,smooth
889,Best Busy Boys,male,Mango Chutney,61347634,pirate
890,"Pamela Garland ""celiac""",male,Red Sauce,4228388660,empire
891,Dan Seidman,brand,Mint Sauce,619452225,bullet
892,Andrew C,brand,Mint Sauce,85989198,8888
893,Kristen Alexander,female,Mint Sauce,20453211,virginia
894,Julie Sisk,female,Lime Pickle,2717390700,valentin
895,"Kort ""Art, Music, Book & Movie Enthusiast""",female,Mango Chutney,2930775934,psycho
896,C. Murphy,male,Onion Chutney,535566212,predator
897,Cecilia,female,Mango Chutney,4257748887,arizona
898,"I Heart Amazon ""I heart Shopping""",male,Mango Chutney,386668440,134679
899,Citizen John,female,Red Sauce,321394589,mitchell
900,Citizen John,brand,Mango Chutney,1058805697,alyssa
901,Citizen John,male,Mint Sauce,485758924,vegeta
902,Amazon Shopper,male,Mango Chutney,85465037,titanic
903,Citizen John,female,Mint Sauce,450631633,christ
904,Lisa Schaal Robinson,male,Onion Chutney,82843602,goblue
905,Brianne,female,Lime Pickle,1.06E+18,fylhtq
906,B. Citron,male,Mint Sauce,445913056,wolf
907,Nessie,male,Mango Chutney,9.70E+17,mmmmmm
908,Tracy,male,Mint Sauce,3132102629,kirill
909,Samylee00,female,Onion Chutney,988288998,indian
910,AV,brand,Onion Chutney,322443251,hiphop
911,ARMorris,male,Red Sauce,7.72E+17,baxter
912,Alison Denton Jones,female,Mango Chutney,1002706964,awesome
913,"Sarathetis ""Sarathetis""",female,Mint Sauce,275519511,people
914,TreGemellini,brand,Mango Chutney,51386401,danger
915,"*~*~*Valley*~*~* ""Val""",male,Onion Chutney,7.62E+17,roland
916,JuliaB,male,Mint Sauce,383260714,mookie
917,Happinesslikeabutterfly,female,Mango Chutney,3011254314,741852963
918,JFMile,female,Onion Chutney,22926618,1111111111
919,Ellen123,male,Mint Sauce,7.73E+17,dreamer
920,Aviva Chil,female,Mango Chutney,2984777777,bambam
921,"Jill Boileau ""Jill Boileau""",brand,Mango Chutney,526391347,arnold
922,PolyOWannaCracker,female,Mint Sauce,153098292,1981
923,Nessie,brand,Onion Chutney,1648367670,skipper
924,Tracy,female,Red Sauce,22812734,serega
925,"Gretchen Rowley ""Gretchen Rowley""",brand,Lime Pickle,351541320,rolltide
926,Ruth,female,Onion Chutney,18341548,elvis
927,Keribeth,male,Mango Chutney,35657831,changeme
928,Keribeth,female,Red Sauce,7.76E+17,simon
929,"Sarah Ross ""Mamasaurus Rex""",female,Lime Pickle,1537480820,1q2w3e
930,"U. Kane ""UBK""",male,Onion Chutney,278927480,lovelove
931,Pono,female,Mango Chutney,36968571,fktrcfylh
932,"Amazon PrimeTime ""Brandi""",male,Mango Chutney,43522180,denver
933,Target Shopaholic,male,Mango Chutney,24647812,tommy
934,"Kristen O'donnell ""twinsmom""",female,Onion Chutney,2518685834,mine
935,"Sherean Malekzadeh ""Sherean""",unknown,Lime Pickle,574888084,loverboy
936,K. Weaver,male,Mango Chutney,229906582,hobbes
937,"T. Hunter ""T. Hunter""",male,Mint Sauce,499914913,happy1
938,Rebecca P. Baron,male,Mango Chutney,416028833,alison
939,"Rochelle J. Flinn ""Rochelle Flinn""",male,Onion Chutney,15210670,nemesis
940,A. Spencer,male,Red Sauce,162535607,chevelle
941,CarlaVeg,brand,Mango Chutney,489953461,cardinal
942,A. Peckinpaugh,male,Mango Chutney,120330430,burton
943,"Art ""NYC guy""",female,Mint Sauce,758388938,wanker
944,Amazon Shopper,female,Mango Chutney,1.00E+18,picard
945,"Kristen O'donnell ""twinsmom""",brand,Mango Chutney,485234907,151515
946,Momjules,brand,Onion Chutney,517478622,tweety
947,H Harkins,brand,Mint Sauce,159389938,michael1
948,Jazz Man,male,Mint Sauce,24910075,147852369
949,D. Lee,female,Mango Chutney,6297852,12312
950,M. C. Young,male,Mint Sauce,1006639362,xxxx
951,"Dharana St James ""dharana fantasy""",male,Onion Chutney,579606790,windows
952,Scott Huber,female,Mango Chutney,3042187528,turkey
953,Patti Henson,unknown,Onion Chutney,343939339,456789
954,"James H. Walder ""Jim Walder""",brand,Red Sauce,466360589,1974
955,Paul K. Williams,male,Onion Chutney,330832162,vfrcbv
956,Melissa M. Mertz,female,Mint Sauce,383785250,sublime
957,J. Kelly,female,Mango Chutney,743446825,1975
958,candiceemoe,female,Onion Chutney,216799530,galina
959,K,male,Mango Chutney,572266794,bobby
960,kimmi,unknown,Mint Sauce,184031532,newport
961,LuLu,brand,Red Sauce,305928496,manutd
962,"Janise ""Amazon shopper""",brand,Mango Chutney,1453070640,daddy
963,"Bob M. ""Bob""",brand,Mint Sauce,7.79E+17,american
964,reviewer777,female,Mango Chutney,44570946,alexandr
965,MaC,male,Mint Sauce,979638601,1966
966,sbmiller,brand,Red Sauce,21728303,victory
967,innocent_sweetiepie,male,Onion Chutney,292559186,rooster
968,Susan,brand,Red Sauce,370940248,qqq111
969,MATHEW Geib,female,Red Sauce,252713307,madmax
970,"TL ""TerryLea""",brand,Mint Sauce,2975340894,electric
971,Donald M. Bridges,female,Mango Chutney,174070110,bigcock
972,"Junie ""finaj""",female,Mint Sauce,2331253086,a1b2c3
973,David Boston,female,Lime Pickle,1334581620,wolfpack
974,William Strickler,brand,Mango Chutney,458234232,spring
975,"Jacki Gunter ""good movie or book lover""",brand,Mango Chutney,171972995,phpbb
976,K. Li,female,Onion Chutney,266344843,lalala
977,Jerry Saperstein,brand,Mango Chutney,331094411,suckme
978,"T.Kriel ""World Traveller & Mother of 4""",brand,Mint Sauce,1262229906,spiderman
979,Terri,female,Mint Sauce,308287890,eric
980,"William C. Diemer ""wcd53""",brand,Mint Sauce,2397575574,darkside
981,Hank Schwartz,female,Lime Pickle,250878364,classic
982,HotRod,brand,Mango Chutney,98310564,raptor
983,MD_JD,female,Mint Sauce,69474732,123456789q
984,Dick Dipuccio,female,Mango Chutney,20978103,hendrix
985,Book Dame,male,Mint Sauce,343415230,1982
986,Peter J. Koulikourdis,brand,Onion Chutney,7.76E+17,wombat
987,Matt Waz,male,Red Sauce,537139665,avatar
988,Gale P,female,Lime Pickle,176429522,alpha
989,sparrow,male,Mango Chutney,179837404,zxc123
990,C Bonner,female,Mint Sauce,18094575,crazy
991,Jdub,female,Mango Chutney,26483183,hard
992,nuttmeg,male,Onion Chutney,191633906,england
993,merplinger,male,Mango Chutney,7.67E+17,brazil
994,a biemold,male,Mint Sauce,351017477,1978
995,Swopes,unknown,Onion Chutney,4066646536,1011980
996,Mike A.,brand,Red Sauce,90708489,wildcat
997,kefka82,brand,Mango Chutney,123214345,polina
998,V. B. Brookshaw,brand,Mint Sauce,9.39E+17,freepass
999,Scottdrum,male,Mint Sauce,253499949,carrie
1000,mendiy,unknown,Mango Chutney,208149044,99999999